N�mero;Categoria;Descri��o;Energia(kcal);Energia(kJ);Prote�na;Lip�deos;Carboidrato;Fibra Alimentar
1;Cereais e derivados;Arroz, integral, cozido;124;517;2,6;1,0;25,8;2,7
2;Cereais e derivados;Arroz, integral, cru;360;1505;7,3;1,9;77,5;4,8
3;Cereais e derivados;Arroz, tipo 1, cozido;128;537;2,5;0,2;28,1;1,6
4;Cereais e derivados;Arroz, tipo 1, cru;358;1497;7,2;0,3;78,8;1,6
5;Cereais e derivados;Arroz, tipo 2, cozido;130;544;2,6;0,4;28,2;1,1
6;Cereais e derivados;Arroz, tipo 2, cru;358;1498;7,2;0,3;78,9;1,7
7;Cereais e derivados;Aveia, flocos, crua;394;1648;13,9;8,5;66,6;9,1
8;Cereais e derivados;Biscoito, doce, maisena;443;1853;8,1;12,0;75,2;2,1
9;Cereais e derivados;Biscoito, doce, recheado com chocolate;472;1974;6,4;19,6;70,5;3,0
10;Cereais e derivados;Biscoito, doce, recheado com morango;471;1971;5,7;19,6;71,0;1,5
11;Cereais e derivados;Biscoito, doce, wafer, recheado de chocolate;502;2102;5,6;24,7;67,5;1,8
12;Cereais e derivados;Biscoito, doce, wafer, recheado de morango;513;2148;4,5;26,4;67,4;0,8
13;Cereais e derivados;Biscoito, salgado, cream cracker;432;1806;10,1;14,4;68,7;2,5
14;Cereais e derivados;Bolo, mistura para;419;1752;6,2;6,1;84,7;1,7
15;Cereais e derivados;Bolo, pronto, aipim;324;1355;4,4;12,7;47,9;0,7
16;Cereais e derivados;Bolo, pronto, chocolate;410;1715;6,2;18,5;54,7;1,4
17;Cereais e derivados;Bolo, pronto, coco;333;1395;5,7;11,3;52,3;1,1
18;Cereais e derivados;Bolo, pronto, milho;311;1303;4,8;12,4;45,1;0,7
19;Cereais e derivados;Canjica, branca, crua;358;1496;7,2;1,0;78,1;5,5
20;Cereais e derivados;Canjica, com leite integral;112;471;2,4;1,2;23,6;1,2
21;Cereais e derivados;Cereais, milho, flocos, com sal;370;1546;7,3;1,6;80,8;5,3
22;Cereais e derivados;Cereais, milho, flocos, sem sal;363;1520;6,9;1,2;80,4;1,8
23;Cereais e derivados;Cereais, mingau, milho, infantil;394;1650;6,4;1,1;87,3;3,2
24;Cereais e derivados;Cereais, mistura para vitamina, trigo, cevada e aveia;381;1595;8,9;2,1;81,6;5,0
25;Cereais e derivados;Cereal matinal, milho;365;1529;7,2;1,0;83,8;4,1
26;Cereais e derivados;Cereal matinal, milho, a��car;377;1576;4,7;0,7;88,8;2,1
27;Cereais e derivados;Creme de arroz, p�;386;1615;7,0;1,2;83,9;1,1
28;Cereais e derivados;Creme de milho, p�;333;1393;4,8;1,6;86,1;3,7
29;Cereais e derivados;Curau, milho verde;78;328;2,4;1,6;13,9;0,5
30;Cereais e derivados;Curau, milho verde, mistura para;402;1683;2,2;13,4;79,8;2,5
31;Cereais e derivados;Farinha, de arroz, enriquecida;363;1519;1,3;0,3;85,5;0,6
32;Cereais e derivados;Farinha, de centeio, integral;336;1405;12,5;1,8;73,3;15,5
33;Cereais e derivados;Farinha, de milho, amarela;351;1467;7,2;1,5;79,1;5,5
34;Cereais e derivados;Farinha, de rosca;371;1550;11,4;1,5;75,8;4,8
35;Cereais e derivados;Farinha, de trigo;360;1508;9,8;1,4;75,1;2,3
36;Cereais e derivados;Farinha, l�ctea, de cereais;415;1736;11,9;5,8;77,8;1,9
37;Cereais e derivados;Lasanha, massa fresca, cozida;164;685;5,8;1,2;32,5;1,6
38;Cereais e derivados;Lasanha, massa fresca, crua;220;922;7,0;1,3;45,1;1,6
39;Cereais e derivados;Macarr�o, instant�neo;436;1824;8,8;17,2;62,4;5,6
40;Cereais e derivados;Macarr�o, trigo, cru;371;1553;10,0;1,3;77,9;2,9
41;Cereais e derivados;Macarr�o, trigo, cru, com ovos;371;1550;10,3;2,0;76,6;2,3
42;Cereais e derivados;Milho, amido, cru;361;1512;0,6;0,0;87,1;0,7
43;Cereais e derivados;Milho, fub�, cru;353;1479;7,2;1,9;78,9;4,7
44;Cereais e derivados;Milho, verde, cru;138;578;6,6;0,6;28,6;3,9
45;Cereais e derivados;Milho, verde, enlatado, drenado;98;408;3,2;2,4;17,1;4,6
46;Cereais e derivados;Mingau tradicional, p�;373;1562;0,6;0,4;89,3;0,9
47;Cereais e derivados;Pamonha, barra para cozimento, pr�-cozida;171;716;2,6;4,8;30,7;2,4
48;Cereais e derivados;P�o, aveia, forma;343;1435;12,4;5,7;59,6;6,0
49;Cereais e derivados;P�o, de soja;309;1292;11,3;3,6;56,5;5,7
50;Cereais e derivados;P�o, gl�ten, forma;253;1059;12,0;2,7;44,1;2,5
51;Cereais e derivados;P�o, milho, forma;292;1222;8,3;3,1;56,4;4,3
52;Cereais e derivados;P�o, trigo, forma, integral;253;1059;9,4;3,7;49,9;6,9
53;Cereais e derivados;P�o, trigo, franc�s;300;1254;8,0;3,1;58,6;2,3
54;Cereais e derivados;P�o, trigo, sovado;311;1301;8,4;2,8;61,5;2,4
55;Cereais e derivados;Pastel, de carne, cru;289;1208;10,7;8,8;42,0;1,0
56;Cereais e derivados;Pastel, de carne, frito;388;1625;10,1;20,1;43,8;1,0
57;Cereais e derivados;Pastel, de queijo, cru;308;1291;9,9;9,6;45,9;1,1
58;Cereais e derivados;Pastel, de queijo, frito;422;1766;8,7;22,7;48,1;0,9
59;Cereais e derivados;Pastel, massa, crua;310;1298;6,9;5,5;57,4;1,4
60;Cereais e derivados;Pastel, massa, frita;570;2384;6,0;40,9;49,3;1,3
61;Cereais e derivados;Pipoca, com �leo de soja, sem sal;448;1876;9,9;15,9;70,3;14,3
62;Cereais e derivados;Polenta, pr�-cozida;103;430;2,3;0,3;23,3;2,4
63;Cereais e derivados;Torrada, p�o franc�s;377;1579;10,5;3,3;74,6;3,4
64;Verduras, hortali�as e derivados;Ab�bora, cabotian, cozida;48;201;1,4;0,7;10,8;2,5
65;Verduras, hortali�as e derivados;Ab�bora, cabotian, crua;39;161;1,7;0,5;8,4;2,2
66;Verduras, hortali�as e derivados;Ab�bora, menina brasileira, crua;14;57;0,6;0,0;3,3;1,2
67;Verduras, hortali�as e derivados;Ab�bora, moranga, crua;12;52;1,0;0,1;2,7;1,7
68;Verduras, hortali�as e derivados;Ab�bora, moranga, refogada;29;121;0,4;0,8;6,0;1,5
69;Verduras, hortali�as e derivados;Ab�bora, pesco�o, crua;24;102;0,7;0,1;6,1;2,3
70;Verduras, hortali�as e derivados;Abobrinha, italiana, cozida;15;63;1,1;0,2;3,0;1,6
71;Verduras, hortali�as e derivados;Abobrinha, italiana, crua;19;81;1,1;0,1;4,3;1,4
72;Verduras, hortali�as e derivados;Abobrinha, italiana, refogada;24;102;1,1;0,8;4,2;1,4
73;Verduras, hortali�as e derivados;Abobrinha, paulista, crua;31;129;0,6;0,1;7,9;2,6
74;Verduras, hortali�as e derivados;Acelga, crua;21;88;1,4;0,1;4,6;1,1
75;Verduras, hortali�as e derivados;Agri�o, cru;17;69;2,7;0,2;2,3;2,1
76;Verduras, hortali�as e derivados;Aipo, cru;19;80;0,8;0,1;4,3;1,0
77;Verduras, hortali�as e derivados;Alface, americana, crua;9;37;0,6;0,1;1,7;1,0
78;Verduras, hortali�as e derivados;Alface, crespa, crua;11;45;1,3;0,2;1,7;1,8
79;Verduras, hortali�as e derivados;Alface, lisa, crua;14;58;1,7;0,1;2,4;2,3
80;Verduras, hortali�as e derivados;Alface, roxa, crua;13;53;0,9;0,2;2,5;2,0
81;Verduras, hortali�as e derivados;Alfavaca, crua;29;122;2,7;0,5;5,2;4,1
82;Verduras, hortali�as e derivados;Alho, cru;113;473;7,0;0,2;23,9;4,3
83;Verduras, hortali�as e derivados;Alho-por�, cru;32;132;1,4;0,1;6,9;2,5
84;Verduras, hortali�as e derivados;Almeir�o, cru;18;75;1,8;0,2;3,3;2,6
85;Verduras, hortali�as e derivados;Almeir�o, refogado;65;272;1,7;4,8;5,7;3,4
86;Verduras, hortali�as e derivados;Batata, baroa, cozida;80;335;0,9;0,2;18,9;1,8
87;Verduras, hortali�as e derivados;Batata, baroa, crua;101;423;1,0;0,2;24,0;2,1
88;Verduras, hortali�as e derivados;Batata, doce, cozida;77;321;0,6;0,1;18,4;2,2
89;Verduras, hortali�as e derivados;Batata, doce, crua;118;495;1,3;0,1;28,2;2,6
90;Verduras, hortali�as e derivados;Batata, frita, tipo chips, industrializada;543;2271;5,6;36,6;51,2;2,5
91;Verduras, hortali�as e derivados;Batata, inglesa, cozida;52;216;1,2;0,0;11,9;1,3
92;Verduras, hortali�as e derivados;Batata, inglesa, crua;64;269;1,8;0,0;14,7;1,2
93;Verduras, hortali�as e derivados;Batata, inglesa, frita;267;1118;5,0;13,1;35,6;8,1
94;Verduras, hortali�as e derivados;Batata, inglesa, saut�;68;284;1,3;0,9;14,1;1,4
95;Verduras, hortali�as e derivados;Berinjela, cozida;19;79;0,7;0,1;4,5;2,5
96;Verduras, hortali�as e derivados;Berinjela, crua;20;82;1,2;0,1;4,4;2,9
97;Verduras, hortali�as e derivados;Beterraba, cozida;32;135;1,3;0,1;7,2;1,9
98;Verduras, hortali�as e derivados;Beterraba, crua;49;204;1,9;0,1;11,1;3,4
99;Verduras, hortali�as e derivados;Biscoito, polvilho doce;438;1831;1,3;12,2;80,5;1,2
100;Verduras, hortali�as e derivados;Br�colis, cozido;25;103;2,1;0,5;4,4;3,4
101;Verduras, hortali�as e derivados;Br�colis, cru;25;107;3,6;0,3;4,0;2,9
102;Verduras, hortali�as e derivados;Car�, cozido;78;325;1,5;0,1;18,9;2,6
103;Verduras, hortali�as e derivados;Car�, cru;96;400;2,3;0,1;23,0;7,3
104;Verduras, hortali�as e derivados;Caruru, cru;34;142;3,2;0,6;6,0;4,5
105;Verduras, hortali�as e derivados;Catalonha, crua;24;100;1,9;0,3;4,8;2,0
106;Verduras, hortali�as e derivados;Catalonha, refogada;63;265;2,0;4,8;4,8;3,7
107;Verduras, hortali�as e derivados;Cebola, crua;39;165;1,7;0,1;8,9;2,2
108;Verduras, hortali�as e derivados;Cebolinha, crua;20;82;1,9;0,4;3,4;3,6
109;Verduras, hortali�as e derivados;Cenoura, cozida;30;125;0,8;0,2;6,7;2,6
110;Verduras, hortali�as e derivados;Cenoura, crua;34;143;1,3;0,2;7,7;3,2
111;Verduras, hortali�as e derivados;Chic�ria, crua;14;58;1,1;0,1;2,9;2,2
112;Verduras, hortali�as e derivados;Chuchu, cozido;19;78;0,4;0,0;4,8;1,0
113;Verduras, hortali�as e derivados;Chuchu, cru;17;71;0,7;0,1;4,1;1,3
114;Verduras, hortali�as e derivados;Coentro, folhas desidratadas;309;1293;20,9;10,4;48,0;37,3
115;Verduras, hortali�as e derivados;Couve, manteiga, crua;27;113;2,9;0,5;4,3;3,1
116;Verduras, hortali�as e derivados;Couve, manteiga, refogada ;90;378;1,7;6,6;8,7;5,7
117;Verduras, hortali�as e derivados;Couve-flor, crua;23;94;1,9;0,2;4,5;2,4
118;Verduras, hortali�as e derivados;Couve-flor, cozida;19;80;1,2;0,3;3,9;2,1
119;Verduras, hortali�as e derivados;Espinafre, Nova Zel�ndia, cru;16;67;2,0;0,2;2,6;2,1
120;Verduras, hortali�as e derivados;Espinafre, Nova Zel�ndia, refogado;67;281;2,7;5,4;4,2;2,5
121;Verduras, hortali�as e derivados;Farinha, de mandioca, crua;361;1510;1,6;0,3;87,9;6,4
122;Verduras, hortali�as e derivados;Farinha, de mandioca, torrada;365;1528;1,2;0,3;89,2;6,5
123;Verduras, hortali�as e derivados;Farinha, de puba;360;1507;1,6;0,5;87,3;4,2
124;Verduras, hortali�as e derivados;F�cula, de mandioca;331;1384;0,5;0,3;81,1;0,6
125;Verduras, hortali�as e derivados;Feij�o, broto, cru;39;162;4,2;0,1;7,8;2,0
126;Verduras, hortali�as e derivados;Inhame, cru;97;405;2,1;0,2;23,2;1,7
127;Verduras, hortali�as e derivados;Jil�, cru;27;114;1,4;0,2;6,2;4,8
128;Verduras, hortali�as e derivados;Jurubeba, crua;126;526;4,4;3,9;23,1;23,9
129;Verduras, hortali�as e derivados;Mandioca, cozida;125;524;0,6;0,3;30,1;1,6
130;Verduras, hortali�as e derivados;Mandioca, crua;151;634;1,1;0,3;36,2;1,9
131;Verduras, hortali�as e derivados;Mandioca, farofa, temperada;406;1697;2,1;9,1;80,3;7,8
132;Verduras, hortali�as e derivados;Mandioca, frita;300;1255;1,4;11,2;50,3;1,9
133;Verduras, hortali�as e derivados;Manjeric�o, cru;21;88;2,0;0,4;3,6;3,3
134;Verduras, hortali�as e derivados;Maxixe, cru;14;58;1,4;0,1;2,7;2,2
135;Verduras, hortali�as e derivados;Mostarda, folha, crua;18;76;2,1;0,2;3,2;1,9
136;Verduras, hortali�as e derivados;Nhoque, batata, cozido;181;756;5,9;1,9;36,8;1,8
137;Verduras, hortali�as e derivados;Nabo, cru;18;76;1,2;0,1;4,1;2,6
138;Verduras, hortali�as e derivados;Palmito, ju�ara, em conserva;23;97;1,8;0,4;4,3;3,2
139;Verduras, hortali�as e derivados;Palmito, pupunha, em conserva;29;123;2,5;0,5;5,5;2,6
140;Verduras, hortali�as e derivados;P�o, de queijo, assado;363;1519;5,1;24,6;34,2;0,6
141;Verduras, hortali�as e derivados;P�o, de queijo, cru;295;1232;3,6;14,0;38,5;1,0
142;Verduras, hortali�as e derivados;Pepino, cru;10;40;0,9;0,0;2,0;1,1
143;Verduras, hortali�as e derivados;Piment�o, amarelo, cru;28;117;1,2;0,4;6,0;1,9
144;Verduras, hortali�as e derivados;Piment�o, verde, cru;21;89;1,1;0,2;4,9;2,6
145;Verduras, hortali�as e derivados;Piment�o, vermelho, cru;23;97;1,0;0,1;5,5;1,6
146;Verduras, hortali�as e derivados;Polvilho, doce;351;1470;0,4;0,0;86,8;0,2
147;Verduras, hortali�as e derivados;Quiabo, cru;30;125;1,9;0,3;6,4;4,6
148;Verduras, hortali�as e derivados;Rabanete, cru;14;57;1,4;0,1;2,7;2,2
149;Verduras, hortali�as e derivados;Repolho, branco, cru;17;72;0,9;0,1;3,9;1,9
150;Verduras, hortali�as e derivados;Repolho, roxo, cru;31;129;1,9;0,1;7,2;2,0
151;Verduras, hortali�as e derivados;Repolho, roxo, refogado;42;175;1,8;1,2;7,6;1,8
152;Verduras, hortali�as e derivados;R�cula, crua;13;55;1,8;0,1;2,2;1,7
153;Verduras, hortali�as e derivados;Salsa, crua;33;140;3,3;0,6;5,7;1,9
154;Verduras, hortali�as e derivados;Seleta de legumes, enlatada;57;237;3,4;0,4;12,7;3,1
155;Verduras, hortali�as e derivados;Serralha, crua;30;127;2,7;0,7;4,9;3,5
156;Verduras, hortali�as e derivados;Taioba, crua;34;143;2,9;0,9;5,4;4,5
157;Verduras, hortali�as e derivados;Tomate, com semente, cru;15;64;1,1;0,2;3,1;1,2
158;Verduras, hortali�as e derivados;Tomate, extrato;61;255;2,4;0,2;15,0;2,8
159;Verduras, hortali�as e derivados;Tomate, molho industrializado;38;161;1,4;0,9;7,7;3,1
160;Verduras, hortali�as e derivados;Tomate, pur�;28;117;1,4;0,0;6,9;1,0
161;Verduras, hortali�as e derivados;Tomate, salada;21;86;0,8;0,0;5,1;2,3
162;Verduras, hortali�as e derivados;Vagem, crua;25;104;1,8;0,2;5,3;2,4
163;Frutas e derivados;Abacate, cru;96;402;1,2;8,4;6,0;6,3
164;Frutas e derivados;Abacaxi, cru;48;202;0,9;0,1;12,3;1,0
165;Frutas e derivados;Abacaxi, polpa, congelada;31;128;0,5;0,1;7,8;0,3
166;Frutas e derivados;Abiu, cru;62;261;0,8;0,7;14,9;1,7
167;Frutas e derivados;A�a�, polpa, com xarope de guaran� e glucose;110;461;0,7;3,7;21,5;1,7
168;Frutas e derivados;A�a�, polpa, congelada;58;243;0,8;3,9;6,2;2,6
169;Frutas e derivados;Acerola, crua;33;140;0,9;0,2;8,0;1,5
170;Frutas e derivados;Acerola, polpa, congelada;22;92;0,6;0,0;5,5;0,7
171;Frutas e derivados;Ameixa, calda, enlatada ;183;765;0,4;0,0;46,9;0,5
172;Frutas e derivados;Ameixa, crua;53;220;0,8;0,0;13,9;2,4
173;Frutas e derivados;Ameixa, em calda, enlatada, drenada ;177;742;1,0;0,3;47,7;4,5
174;Frutas e derivados;Atem�ia, crua;97;406;1,0;0,3;25,3;2,1
175;Frutas e derivados;Banana, da terra, crua;128;536;1,4;0,2;33,7;1,5
176;Frutas e derivados;Banana, doce em barra;280;1172;2,2;0,1;75,7;3,8
177;Frutas e derivados;Banana, figo, crua;105;440;1,1;0,1;27,8;2,8
178;Frutas e derivados;Banana, ma��, crua;87;363;1,8;0,1;22,3;2,6
179;Frutas e derivados;Banana, nanica, crua;92;383;1,4;0,1;23,8;1,9
180;Frutas e derivados;Banana, ouro, crua;112;470;1,5;0,2;29,3;2,0
181;Frutas e derivados;Banana, pacova, crua;78;326;1,2;0,1;20,3;2,0
182;Frutas e derivados;Banana, prata, crua;98;411;1,3;0,1;26,0;2,0
183;Frutas e derivados;Cacau, cru;74;311;1,0;0,1;19,4;2,2
184;Frutas e derivados;Caj�-Manga, cru;46;191;1,3;0,0;11,4;2,6
185;Frutas e derivados;Caj�, polpa, congelada;26;110;0,6;0,2;6,4;1,4
186;Frutas e derivados;Caju, cru;43;180;1,0;0,3;10,3;1,7
187;Frutas e derivados;Caju, polpa, congelada;37;153;0,5;0,2;9,4;0,8
188;Frutas e derivados;Caju, suco concentrado, envasado;45;189;0,4;0,2;10,7;0,6
189;Frutas e derivados;Caqui, chocolate, cru;71;299;0,4;0,1;19,3;6,5
190;Frutas e derivados;Carambola, crua;46;191;0,9;0,2;11,5;2,0
191;Frutas e derivados;Ciriguela, crua;76;316;1,4;0,4;18,9;3,9
192;Frutas e derivados;Cupua�u, cru;49;207;1,2;1,0;10,4;3,1
193;Frutas e derivados;Cupua�u, polpa, congelada;49;204;0,8;0,6;11,4;1,6
194;Frutas e derivados;Figo, cru;41;173;1,0;0,2;10,2;1,8
195;Frutas e derivados;Figo, enlatado, em calda;184;771;0,6;0,2;50,3;2,0
196;Frutas e derivados;Fruta-p�o, crua;67;281;1,1;0,2;17,2;5,5
197;Frutas e derivados;Goiaba, branca, com casca, crua;52;216;0,9;0,5;12,4;6,3
198;Frutas e derivados;Goiaba, doce em pasta;269;1125;0,6;0,0;74,1;3,7
199;Frutas e derivados;Goiaba, doce, casc�o;286;1195;0,4;0,1;78,7;4,4
200;Frutas e derivados;Goiaba, vermelha, com casca, crua;54;227;1,1;0,4;13,0;6,2
201;Frutas e derivados;Graviola, crua;62;258;0,8;0,2;15,8;1,9
202;Frutas e derivados;Graviola, polpa, congelada;38;160;0,6;0,1;9,8;1,2
203;Frutas e derivados;Jabuticaba, crua;58;243;0,6;0,1;15,3;2,3
204;Frutas e derivados;Jaca, crua;88;368;1,4;0,3;22,5;2,4
205;Frutas e derivados;Jambo, cru;27;113;0,9;0,1;6,5;5,1
206;Frutas e derivados;Jamel�o, cru;41;172;0,5;0,1;10,6;1,8
207;Frutas e derivados;Kiwi, cru;51;214;1,3;0,6;11,5;2,7
208;Frutas e derivados;Laranja, ba�a, crua;45;190;1,0;0,1;11,5;1,1
209;Frutas e derivados;Laranja, ba�a, suco;37;153;0,7;0,0;8,7;0,0
210;Frutas e derivados;Laranja, da terra, crua;51;215;1,1;0,2;12,9;4,0
211;Frutas e derivados;Laranja, da terra, suco;41;171;0,7;0,1;9,6;1,0
212;Frutas e derivados;Laranja, lima, crua;46;191;1,1;0,1;11,5;1,8
213;Frutas e derivados;Laranja, lima, suco;39;165;0,7;0,1;9,2;0,4
214;Frutas e derivados;Laranja, p�ra, crua;37;154;1,0;0,1;8,9;0,8
215;Frutas e derivados;Laranja, p�ra, suco;33;137;0,7;0,1;7,6;0,0
216;Frutas e derivados;Laranja, val�ncia, crua;46;193;0,8;0,2;11,7;1,7
217;Frutas e derivados;Laranja, val�ncia, suco;36;151;0,5;0,1;8,6;0,4
218;Frutas e derivados;Lim�o, cravo, suco;14;59;0,3;0,0;5,2;0,0
219;Frutas e derivados;Lim�o, galego, suco;22;93;0,6;0,1;7,3;0,0
220;Frutas e derivados;Lim�o, tahiti, cru;32;133;0,9;0,1;11,1;1,2
221;Frutas e derivados;Ma��, Argentina, com casca, crua;63;262;0,2;0,2;16,6;2,0
222;Frutas e derivados;Ma��, Fuji, com casca, crua;56;232;0,3;0,0;15,2;1,3
223;Frutas e derivados;Maca�ba, crua;404;1692;2,1;40,7;13,9;13,4
224;Frutas e derivados; Mam�o, doce em calda, drenado;196;819;0,2;0,1;54,0;1,3
225;Frutas e derivados;Mam�o, Formosa, cru;45;190;0,8;0,1;11,6;1,8
226;Frutas e derivados;Mam�o, Papaia, cru;40;168;0,5;0,1;10,4;1,0
227;Frutas e derivados; Mam�o verde, doce em calda, drenado;209;876;0,3;0,1;57,6;1,2
228;Frutas e derivados;Manga, Haden, crua;64;266;0,4;0,3;16,7;1,6
229;Frutas e derivados;Manga, Palmer, crua;72;303;0,4;0,2;19,4;1,6
230;Frutas e derivados;Manga, polpa, congelada;48;202;0,4;0,2;12,5;1,1
231;Frutas e derivados;Manga, Tommy Atkins, crua;51;212;0,9;0,2;12,8;2,1
232;Frutas e derivados;Maracuj�, cru;68;286;2,0;2,1;12,3;1,1
233;Frutas e derivados;Maracuj�, polpa, congelada;39;162;0,8;0,2;9,6;0,5
234;Frutas e derivados;Maracuj�, suco concentrado, envasado;42;176;0,8;0,2;9,6;0,4
235;Frutas e derivados;Melancia, crua;33;136;0,9;0,0;8,1;0,1
236;Frutas e derivados;Mel�o, cru;29;123;0,7;0,0;7,5;0,3
237;Frutas e derivados;Mexerica, Murcote, crua;58;241;0,9;0,1;14,9;3,1
238;Frutas e derivados;Mexerica, Rio, crua;37;154;0,7;0,1;9,3;2,7
239;Frutas e derivados;Morango, cru;30;126;0,9;0,3;6,8;1,7
240;Frutas e derivados;N�spera, crua;43;178;0,3;0,0;11,5;3,0
241;Frutas e derivados;Pequi, cru;205;858;2,3;18,0;13,0;19,0
242;Frutas e derivados;P�ra, Park, crua;61;254;0,2;0,2;16,1;3,0
243;Frutas e derivados;P�ra, Williams, crua;53;223;0,6;0,1;14,0;3,0
244;Frutas e derivados;P�ssego, Aurora, cru;36;152;0,8;0,0;9,3;1,4
245;Frutas e derivados;P�ssego, enlatado, em calda;63;264;0,7;0,0;16,9;1,0
246;Frutas e derivados;Pinha, crua;88;370;1,5;0,3;22,4;3,4
247;Frutas e derivados;Pitanga, crua;41;173;0,9;0,2;10,2;3,2
248;Frutas e derivados;Pitanga, polpa, congelada;19;80;0,3;0,1;4,8;0,7
249;Frutas e derivados;Rom�, crua;56;233;0,4;0,0;15,1;0,4
250;Frutas e derivados;Tamarindo, cru;276;1154;3,2;0,5;72,5;6,4
251;Frutas e derivados;Tangerina, Ponc�, crua;38;158;0,8;0,1;9,6;0,9
252;Frutas e derivados;Tangerina, Ponc�, suco;36;151;0,5;0,0;8,8;0,0
253;Frutas e derivados;Tucum�, cru;262;1096;2,1;19,1;26,5;12,7
254;Frutas e derivados;Umbu, cru;37;155;0,8;0,0;9,4;2,0
255;Frutas e derivados;Umbu, polpa, congelada;34;142;0,5;0,1;8,8;1,3
256;Frutas e derivados;Uva, It�lia, crua;53;221;0,7;0,2;13,6;0,9
257;Frutas e derivados;Uva, Rubi, crua;49;205;0,6;0,2;12,7;0,9
258;Frutas e derivados;Uva, suco concentrado, envasado;58;241;0,0;0,0;14,7;0,2
259;Gorduras e �leos;Azeite, de dend�;884;3699;0,0;100,0;0,0;0,0
260;Gorduras e �leos;Azeite, de oliva, extra virgem;884;3699;0,0;100,0;0,0;0,0
261;Gorduras e �leos;Manteiga, com sal;726;3037;0,4;82,4;0,1;0,0
262;Gorduras e �leos;Manteiga, sem sal;758;3170;0,4;86,0;0,0;0,0
263;Gorduras e �leos;Margarina, com �leo hidrogenado, com sal (65% de lip�deos);596;2494;0,0;67,4;0,0;0,0
264;Gorduras e �leos;Margarina, com �leo hidrogenado, sem sal (80% de lip�deos);723;3023;0,0;81,7;0,0;0,0
265;Gorduras e �leos;Margarina, com �leo interesterificado, com sal (65%de lip�deos);594;2487;0,0;67,2;0,0;0,0
266;Gorduras e �leos;Margarina, com �leo interesterificado, sem sal (65% de lip�deos);593;2482;0,0;67,1;0,0;0,0
267;Gorduras e �leos;�leo, de baba�u;884;3699;0,0;100,0;0,0;0,0
268;Gorduras e �leos;�leo, de canola;884;3699;0,0;100,0;0,0;0,0
269;Gorduras e �leos;�leo, de girassol;884;3699;0,0;100,0;0,0;0,0
270;Gorduras e �leos;�leo, de milho;884;3699;0,0;100,0;0,0;0,0
271;Gorduras e �leos;�leo, de pequi;884;3699;0,0;100,0;0,0;0,0
272;Gorduras e �leos;�leo, de soja;884;3699;0,0;100,0;0,0;0,0
273;Pescados e frutos do mar;Abadejo, fil�, congelado, assado;112;467;23,5;1,2;0,0;0,0
274;Pescados e frutos do mar;Abadejo, fil�, congelado,cozido;91;381;19,3;0,9;0,0;0,0
275;Pescados e frutos do mar;Abadejo, fil�, congelado, cru;59;247;13,1;0,4;0,0;0,0
276;Pescados e frutos do mar;Abadejo, fil�, congelado, grelhado;130;542;27,6;1,3;0,0;0,0
277;Pescados e frutos do mar;Atum, conserva em �leo;166;694;26,2;6,0;0,0;0,0
278;Pescados e frutos do mar;Atum, fresco, cru;118;492;25,7;0,9;0,0;0,0
279;Pescados e frutos do mar;Bacalhau, salgado, cru;136;569;29,0;1,3;0,0;0,0
280;Pescados e frutos do mar;Bacalhau, salgado, refogado;140;584;24,0;3,6;1,2;0,0
281;Pescados e frutos do mar;Ca��o, posta, com farinha de trigo, frita;208;872;25,0;10,0;3,1;0,5
282;Pescados e frutos do mar;Ca��o, posta, cozida;116;485;25,6;0,7;0,0;0,0
283;Pescados e frutos do mar;Ca��o, posta, crua;83;349;17,9;0,8;0,0;0,0
284;Pescados e frutos do mar;Camar�o, Rio Grande, grande, cozido;90;377;19,0;1,0;0,0;0,0
285;Pescados e frutos do mar;Camar�o, Rio Grande, grande, cru;47;197;10,0;0,5;0,0;0,0
286;Pescados e frutos do mar;Camar�o, Sete Barbas, sem cabe�a, com casca, frito;231;968;18,4;15,6;2,9;0,0
287;Pescados e frutos do mar;Caranguejo, cozido;83;346;18,5;0,4;0,0;0,0
288;Pescados e frutos do mar;Corimba, cru;128;536;17,4;6,0;0,0;0,0
289;Pescados e frutos do mar;Corimbat�, assado;261;1094;19,9;19,6;0,0;0,0
290;Pescados e frutos do mar;Corimbat�, cozido;239;999;20,1;16,9;0,0;0,0
291;Pescados e frutos do mar;Corvina de �gua doce, crua;101;423;18,9;2,2;0,0;0,0
292;Pescados e frutos do mar;Corvina do mar, crua;94;392;18,6;1,6;0,0;0,0
293;Pescados e frutos do mar;Corvina grande, assada;147;613;26,8;3,6;0,0;0,0
294;Pescados e frutos do mar;Corvina grande, cozida;100;419;23,4;2,6;0,0;0,0
295;Pescados e frutos do mar;Dourada de �gua doce, fresca;131;549;18,8;5,6;0,0;0,0
296;Pescados e frutos do mar;Lambari, congelado, cru;131;547;16,8;6,5;0,0;0,0
297;Pescados e frutos do mar;Lambari, congelado, frito;327;1368;28,4;22,8;0,0;0,0
298;Pescados e frutos do mar;Lambari, fresco, cru;152;634;15,7;9,4;0,0;0,0
299;Pescados e frutos do mar;Manjuba, com farinha de trigo, frita;344;1437;23,5;22,6;10,2;0,4
300;Pescados e frutos do mar;Manjuba, frita;349;1462;30,1;24,5;0,0;0,0
301;Pescados e frutos do mar;Merluza, fil�, assado;122;510;26,6;0,9;0,0;0,0
302;Pescados e frutos do mar;Merluza, fil�, cru;89;373;16,6;2,0;0,0;0,0
303;Pescados e frutos do mar;Merluza, fil�, frito;192;802;26,9;8,5;0,0;0,0
304;Pescados e frutos do mar;Pescada, branca, crua;111;464;16,3;4,6;0,0;0,0
305;Pescados e frutos do mar;Pescada, branca, frita;223;933;27,4;11,8;0,0;0,0
306;Pescados e frutos do mar;Pescada, fil�, com farinha de trigo, frito;283;1186;21,4;19,1;5,0;0,0
307;Pescados e frutos do mar;Pescada, fil�, cru;107;449;16,7;4,0;0,0;0,0
308;Pescados e frutos do mar;Pescada, fil�, frito;154;645;28,6;3,6;0,0;0,0
309;Pescados e frutos do mar;Pescada, fil�, molho escabeche;142;594;11,8;8,0;5,0;0,8
310;Pescados e frutos do mar;Pescadinha, crua;76;320;15,5;1,1;0,0;0,0
311;Pescados e frutos do mar;Pintado, assado;192;801;36,5;4,0;0,0;0,0
312;Pescados e frutos do mar;Pintado, cru;91;381;18,6;1,3;0,0;0,0
313;Pescados e frutos do mar;Pintado, grelhado;152;637;30,8;2,3;0,0;0,0
314;Pescados e frutos do mar;Porquinho, cru;93;389;20,5;0,6;0,0;0,0
315;Pescados e frutos do mar;Salm�o, fil�, com pele, fresco,  grelhado;229;957;23,9;14,0;0,0;0,0
316;Pescados e frutos do mar;Salm�o, sem pele, fresco, cru;170;710;19,3;9,7;0,0;0,0
317;Pescados e frutos do mar;Salm�o, sem pele, fresco, grelhado;243;1015;26,1;14,5;0,0;0,0
318;Pescados e frutos do mar;Sardinha, assada;164;688;32,2;3,0;0,0;0,0
319;Pescados e frutos do mar;Sardinha, conserva em �leo;285;1192;15,9;24,0;0,0;0,0
320;Pescados e frutos do mar;Sardinha, frita;257;1075;33,4;12,7;0,0;0,0
321;Pescados e frutos do mar;Sardinha, inteira, crua;114;477;21,1;2,7;0,0;0,0
322;Pescados e frutos do mar;Tucunar�, fil�, congelado, cru;88;367;18,0;1,2;0,0;0,0
323;Carnes e derivados;Apresuntado;129;539;13,5;6,7;2,9;0,0
324;Carnes e derivados;Caldo de carne, tablete;241;1007;7,8;16,6;15,1;0,6
325;Carnes e derivados;Caldo de galinha, tablete;251;1052;6,3;20,4;10,6;11,8
326;Carnes e derivados;Carne, bovina, ac�m, mo�do, cozido;212;889;26,7;10,9;0,0;0,0
327;Carnes e derivados;Carne, bovina, ac�m, mo�do, cru;137;571;19,4;5,9;0,0;0,0
328;Carnes e derivados;Carne, bovina, ac�m, sem gordura, cozido;215;898;27,3;10,9;0,0;0,0
329;Carnes e derivados;Carne, bovina, ac�m, sem gordura, cru;144;603;20,8;6,1;0,0;0,0
330;Carnes e derivados;Carne, bovina, alm�ndegas, cruas;189;792;12,3;11,2;9,8;0,0
331;Carnes e derivados;Carne, bovina, alm�ndegas, fritas;272;1137;18,2;15,8;14,3;0,0
332;Carnes e derivados;Carne, bovina, bucho, cozido;133;557;21,6;4,5;0,0;0,0
333;Carnes e derivados;Carne, bovina, bucho, cru;137;574;20,5;5,5;0,0;0,0
334;Carnes e derivados;Carne, bovina, capa de contra-fil�, com gordura, crua;217;908;19,2;15,0;0,0;0,0
335;Carnes e derivados;Carne, bovina, capa de contra-fil�, com gordura, grelhada;312;1304;30,7;20,0;0,0;0,0
336;Carnes e derivados;Carne, bovina, capa de contra-fil�, sem gordura, crua;131;548;21,5;4,3;0,0;0,0
337;Carnes e derivados;Carne, bovina, capa de contra-fil�, sem gordura, grelhada;239;1002;35,1;10,0;0,0;0,0
338;Carnes e derivados;Carne, bovina, charque, cozido;263;1099;36,4;11,9;0,0;0,0
339;Carnes e derivados;Carne, bovina, charque, cru;249;1041;22,7;16,8;0,0;0,0
340;Carnes e derivados;Carne, bovina, contra-fil�, � milanesa;352;1471;20,6;24,0;12,2;0,4
341;Carnes e derivados;Carne, bovina, contra-fil� de costela, cru;202;847;19,8;13,1;0,0;0,0
342;Carnes e derivados;Carne, bovina, contra-fil� de costela, grelhado;275;1150;29,9;16,3;0,0;0,0
343;Carnes e derivados;Carne, bovina, contra-fil�, com gordura, cru;206;861;21,2;12,8;0,0;0,0
344;Carnes e derivados;Carne, bovina, contra-fil�, com gordura, grelhado;278;1163;32,4;15,5;0,0;0,0
345;Carnes e derivados;Carne, bovina, contra-fil�, sem gordura, cru;157;655;24,0;6,0;0,0;0,0
346;Carnes e derivados;Carne, bovina, contra-fil�, sem gordura, grelhado;194;810;35,9;4,5;0,0;0,0
347;Carnes e derivados;Carne, bovina, costela, assada;373;1561;28,8;27,7;0,0;0,0
348;Carnes e derivados;Carne, bovina, costela, crua;358;1497;16,7;31,8;0,0;0,0
349;Carnes e derivados;Carne, bovina, cox�o duro, sem gordura, cozido;217;906;31,9;8,9;0,0;0,0
350;Carnes e derivados;Carne, bovina, cox�o duro, sem gordura, cru;148;619;21,5;6,2;0,0;0,0
351;Carnes e derivados;Carne, bovina, cox�o mole, sem gordura, cozido;219;915;32,4;8,9;0,0;0,0
352;Carnes e derivados;Carne, bovina, cox�o mole, sem gordura, cru;169;707;21,2;8,7;0,0;0,0
353;Carnes e derivados;Carne, bovina, cupim, assado;330;1381;28,6;23,0;0,0;0,0
354;Carnes e derivados;Carne, bovina, cupim, cru;221;926;19,5;15,3;0,0;0,0
355;Carnes e derivados;Carne, bovina, f�gado, cru;141;590;20,7;5,4;1,1;0,0
356;Carnes e derivados;Carne, bovina, f�gado, grelhado;225;942;29,9;9,0;4,2;0,0
357;Carnes e derivados;Carne, bovina, fil� mingnon, sem gordura, cru;143;598;21,6;5,6;0,0;0,0
358;Carnes e derivados;Carne, bovina, fil� mingnon, sem gordura, grelhado;220;919;32,8;8,8;0,0;0,0
359;Carnes e derivados;Carne, bovina, flanco, sem gordura, cozido;196;818;29,4;7,8;0,0;0,0
360;Carnes e derivados;Carne, bovina, flanco, sem gordura, cru;141;592;20,0;6,2;0,0;0,0
361;Carnes e derivados;Carne, bovina, fraldinha, com gordura, cozida;338;1416;24,2;26,0;0,0;0,0
362;Carnes e derivados;Carne, bovina, fraldinha, com gordura, crua;221;924;17,6;16,1;0,0;0,0
363;Carnes e derivados;Carne, bovina, lagarto, cozido;222;931;32,9;9,1;0,0;0,0
364;Carnes e derivados;Carne, bovina, lagarto, cru;135;564;20,5;5,2;0,0;0,0
365;Carnes e derivados;Carne, bovina, l�ngua, cozida;315;1318;21,4;24,8;0,0;0,0
366;Carnes e derivados;Carne, bovina, l�ngua, crua;215;901;17,1;15,8;0,0;0,0
367;Carnes e derivados;Carne, bovina, maminha, crua;153;639;20,9;7,0;0,0;0,0
368;Carnes e derivados;Carne, bovina, maminha, grelhada;153;641;30,7;2,4;0,0;0,0
369;Carnes e derivados;Carne, bovina, miolo de alcatra, sem gordura, cru;163;681;21,6;7,8;0,0;0,0
370;Carnes e derivados;Carne, bovina, miolo de alcatra, sem gordura, grelhado;241;1010;31,9;11,6;0,0;0,0
371;Carnes e derivados;Carne, bovina, m�sculo, sem gordura, cozido;194;811;31,2;6,7;0,0;0,0
372;Carnes e derivados;Carne, bovina, m�sculo, sem gordura, cru;142;592;21,6;5,5;0,0;0,0
373;Carnes e derivados;Carne, bovina, paleta, com gordura, crua;159;664;21,4;7,5;0,0;0,0
374;Carnes e derivados;Carne, bovina, paleta, sem gordura, cozida;194;810;29,7;7,4;0,0;0,0
375;Carnes e derivados;Carne, bovina, paleta, sem gordura, crua;141;590;21,0;5,7;0,0;0,0
376;Carnes e derivados;Carne, bovina, patinho, sem gordura, cru;133;558;21,7;4,5;0,0;0,0
377;Carnes e derivados;Carne, bovina, patinho, sem gordura, grelhado;219;917;35,9;7,3;0,0;0,0
378;Carnes e derivados;Carne, bovina, peito, sem gordura, cozido;338;1416;22,2;27,0;0,0;0,0
379;Carnes e derivados;Carne, bovina, peito, sem gordura, cru;259;1085;17,6;20,4;0,0;0,0
380;Carnes e derivados;Carne, bovina, picanha, com gordura, crua;213;891;18,8;14,7;0,0;0,0
381;Carnes e derivados;Carne, bovina, picanha, com gordura, grelhada;289;1208;26,4;19,5;0,0;0,0
382;Carnes e derivados;Carne, bovina, picanha, sem gordura, crua;134;559;21,3;4,7;0,0;0,0
383;Carnes e derivados;Carne, bovina, picanha, sem gordura, grelhada;238;998;31,9;11,3;0,0;0,0
384;Carnes e derivados;Carne, bovina, seca, cozida;313;1309;26,9;21,9;0,0;0,0
385;Carnes e derivados;Carne, bovina, seca, crua;313;1309;19,7;25,4;0,0;0,0
386;Carnes e derivados;Coxinha de frango, frita;283;1184;9,6;11,8;34,5;5,0
387;Carnes e derivados;Croquete, de carne, cru;246;1028;12,0;15,6;13,9;
388;Carnes e derivados;Croquete, de carne, frito;347;1451;16,9;22,7;18,1;
389;Carnes e derivados;Empada de frango, pr�-cozida, assada;358;1499;6,9;15,6;47,5;2,2
390;Carnes e derivados;Empada, de frango, pr�-cozida;377;1579;7,3;22,9;35,5;2,2
391;Carnes e derivados;Frango, asa, com pele, crua;213;892;18,1;15,1;0,0;0,0
392;Carnes e derivados;Frango, caipira, inteiro, com pele, cozido;243;1016;23,9;15,6;0,0;0,0
393;Carnes e derivados;Frango, caipira, inteiro, sem pele, cozido;196;819;29,6;7,7;0,0;0,0
394;Carnes e derivados;Frango, cora��o, cru;222;927;12,6;18,6;0,0;0,0
395;Carnes e derivados;Frango, cora��o, grelhado;207;867;22,4;12,1;0,6;0,0
396;Carnes e derivados;Frango, coxa, com pele, assada;215;900;28,5;10,4;0,1;0,0
397;Carnes e derivados;Frango, coxa, com pele, crua;161;676;17,1;9,8;0,0;0,0
398;Carnes e derivados;Frango, coxa, sem pele, cozida;167;701;26,9;5,8;0,0;0,0
399;Carnes e derivados;Frango, coxa, sem pele, crua;120;502;17,8;4,9;0,0;0,0
400;Carnes e derivados;Frango, f�gado, cru;106;446;17,6;3,5;0,0;0,0
401;Carnes e derivados;Frango, fil�, � milanesa;221;924;28,5;7,8;7,5;1,1
402;Carnes e derivados;Frango, inteiro, com pele, cru;226;947;16,4;17,3;0,0;0,0
403;Carnes e derivados;Frango, inteiro, sem pele, assado;187;784;28,0;7,5;0,0;0,0
404;Carnes e derivados;Frango, inteiro, sem pele, cozido;170;713;25,0;7,1;0,0;0,0
405;Carnes e derivados;Frango, inteiro, sem pele, cru;129;540;20,6;4,6;0,0;0,0
406;Carnes e derivados;Frango, peito, com pele, assado;212;886;33,4;7,6;0,0;0,0
407;Carnes e derivados;Frango, peito, com pele, cru;149;625;20,8;6,7;0,0;0,0
408;Carnes e derivados;Frango, peito, sem pele, cozido;163;681;31,5;3,2;0,0;0,0
409;Carnes e derivados;Frango, peito, sem pele, cru;119;499;21,5;3,0;0,0;0,0
410;Carnes e derivados;Frango, peito, sem pele, grelhado;159;666;32,0;2,5;0,0;0,0
411;Carnes e derivados;Frango, sobrecoxa, com pele, assada;260;1086;28,7;15,2;0,0;0,0
412;Carnes e derivados;Frango, sobrecoxa, com pele, crua;255;1065;15,5;20,9;0,0;0,0
413;Carnes e derivados;Frango, sobrecoxa, sem pele, assada;233;974;29,2;12,0;0,0;0,0
414;Carnes e derivados;Frango, sobrecoxa, sem pele, crua;162;677;17,6;9,6;0,0;0,0
415;Carnes e derivados;Hamb�rguer, bovino, cru;215;899;13,2;16,2;4,2;0,0
416;Carnes e derivados;Hamb�rguer, bovino, frito;258;1081;20,0;17,0;6,3;0,0
417;Carnes e derivados;Hamb�rguer, bovino, grelhado;210;878;13,2;12,4;11,3;0,0
418;Carnes e derivados;Ling�i�a, frango, crua;218;913;14,2;17,4;0,0;0,0
419;Carnes e derivados;Ling�i�a, frango, frita;245;1027;18,3;18,5;0,0;0,0
420;Carnes e derivados;Ling�i�a, frango, grelhada;244;1019;18,2;18,4;0,0;0,0
421;Carnes e derivados;Ling�i�a, porco, crua;227;951;16,1;17,6;0,0;0,0
422;Carnes e derivados;Ling�i�a, porco, frita;280;1170;20,5;21,3;0,0;0,0
423;Carnes e derivados;Ling�i�a, porco, grelhada;296;1241;23,2;21,9;0,0;0,0
424;Carnes e derivados;Mortadela;269;1125;12,0;21,6;5,8;0,0
425;Carnes e derivados;Peru, congelado, assado;163;682;26,2;5,7;0,0;0,0
426;Carnes e derivados;Peru, congelado, cru;94;392;18,1;1,8;0,0;0,0
427;Carnes e derivados;Porco, bisteca, crua;164;687;21,5;8,0;0,0;0,0
428;Carnes e derivados;Porco, bisteca, frita;311;1302;33,7;18,5;0,0;0,0
429;Carnes e derivados;Porco, bisteca, grelhada;280;1172;28,9;17,4;0,0;0,0
430;Carnes e derivados;Porco, costela, assada;402;1683;30,2;30,3;0,0;0,0
431;Carnes e derivados;Porco, costela, crua;256;1069;18,0;19,8;0,0;0,0
432;Carnes e derivados;Porco, lombo, assado;210;880;35,7;6,4;0,0;0,0
433;Carnes e derivados;Porco, lombo, cru;176;735;22,6;8,8;0,0;0,0
434;Carnes e derivados;Porco, orelha, salgada, crua;258;1082;18,5;19,9;0,0;0,0
435;Carnes e derivados;Porco, pernil, assado;262;1097;32,1;13,9;0,0;0,0
436;Carnes e derivados;Porco, pernil, cru;186;778;20,1;11,1;0,0;0,0
437;Carnes e derivados;Porco, rabo, salgado, cru;377;1579;15,6;34,5;0,0;0,0
438;Carnes e derivados;Presunto, com capa de gordura;128;535;14,4;6,8;1,4;0,0
439;Carnes e derivados;Presunto, sem capa de gordura;94;392;14,3;2,7;2,1;0,0
440;Carnes e derivados;Quibe, assado;136;570;14,6;2,7;12,9;1,9
441;Carnes e derivados;Quibe, cru;109;458;12,4;1,7;10,8;1,6
442;Carnes e derivados;Quibe, frito;254;1062;14,9;15,8;12,3;
443;Carnes e derivados;Salame;398;1665;25,8;30,6;2,9;0,0
444;Carnes e derivados;Toucinho, cru;593;2479;11,5;60,3;0,0;0,0
445;Carnes e derivados;Toucinho, frito;697;2914;27,3;64,3;0,0;0,0
446;Leite e derivados;Bebida l�ctea, p�ssego;55;231;2,1;1,9;7,6;0,3
447;Leite e derivados;Creme de Leite;221;927;1,5;22,5;4,5;0,0
448;Leite e derivados;Iogurte, natural;51;215;4,1;3,0;1,9;0,0
449;Leite e derivados;Iogurte, natural, desnatado;41;174;3,8;0,3;5,8;0,0
450;Leite e derivados;Iogurte, sabor abacaxi;70;291;2,7;2,3;9,7;0,2
451;Leite e derivados;Iogurte, sabor morango;70;291;2,7;2,3;9,7;0,2
452;Leite e derivados;Iogurte, sabor p�ssego;68;284;2,5;2,3;9,4;0,7
453;Leite e derivados;Leite, condensado;313;1308;7,7;6,7;57,0;0,0
454;Leite e derivados;Leite, de cabra;66;278;3,1;3,8;5,2;0,0
455;Leite e derivados;Leite, de vaca, achocolatado;83;347;2,1;2,2;14,2;0,6
456;Leite e derivados;Leite, de vaca, desnatado, p�;362;1513;34,7;0,9;53,0;0,0
457;Leite e derivados;Leite, de vaca, desnatado, UHT;50;209,20;3,1;2,1;4,6;0,0
458;Leite e derivados;Leite, de vaca, integral;62;259;3,4;3,2;4,6;0,0
459;Leite e derivados;Leite, de vaca, integral, p�;497;2078;25,4;26,9;39,2;0,0
460;Leite e derivados;Leite, fermentado;70;291;1,9;0,1;15,7;0,0
461;Leite e derivados;Queijo, minas, frescal;264;1106;17,4;20,2;3,2;0,0
462;Leite e derivados;Queijo, minas, meia cura;321;1342;21,2;24,6;3,6;0,0
463;Leite e derivados;Queijo, mozarela;330;1380;22,6;25,2;3,0;0,0
464;Leite e derivados;Queijo, parmes�o;453;1895;35,6;33,5;1,7;0,0
465;Leite e derivados;Queijo, pasteurizado;303;1268;9,4;27,4;5,7;0,0
466;Leite e derivados;Queijo, petit suisse, morango;121;507;5,8;2,8;18,5;0,0
467;Leite e derivados;Queijo, prato;360;1506;22,7;29,1;1,9;0,0
468;Leite e derivados;Queijo, requeij�o, cremoso;257;1074;9,6;23,4;2,4;0,0
469;Leite e derivados;Queijo, ricota;140;585;12,6;8,1;3,8;0,0
470;Bebidas (alco�licas e n�o alco�licas);Bebida isot�nica, sabores variados;26;107;0,0;0,0;6,4;0,0
471;Bebidas (alco�licas e n�o alco�licas);Caf�, infus�o 10%;9;38;0,7;0,1;1,5;0,0
472;Bebidas (alco�licas e n�o alco�licas);Cana, aguardente 1;216;902;;;;0,0
473;Bebidas (alco�licas e n�o alco�licas);Cana, caldo de;65;273;0,0;0,0;18,2;0,1
474;Bebidas (alco�licas e n�o alco�licas);Cerveja, pilsen 2;41;170;0,6;0,0;3,3;0,0
475;Bebidas (alco�licas e n�o alco�licas);Ch�, erva-doce, infus�o 5%;1;6;0,0;0,0;0,4;0,0
476;Bebidas (alco�licas e n�o alco�licas);Ch�, mate, infus�o 5%;3;11;0,0;0,1;0,6;0,0
477;Bebidas (alco�licas e n�o alco�licas);Ch�, preto, infus�o 5%;2;9;0,0;0,0;0,6;0,0
478;Bebidas (alco�licas e n�o alco�licas);Coco, �gua de;22;90;0,0;0,0;5,3;0,1
479;Bebidas (alco�licas e n�o alco�licas);Refrigerante, tipo �gua t�nica;31;129;0,0;0,0;8,0;0,0
480;Bebidas (alco�licas e n�o alco�licas);Refrigerante, tipo cola;34;140;0,0;0,0;8,7;0,0
481;Bebidas (alco�licas e n�o alco�licas);Refrigerante, tipo guaran�;39;162;0,0;0,0;10,0;0,0
482;Bebidas (alco�licas e n�o alco�licas);Refrigerante, tipo laranja;46;191;0,0;0,0;11,8;0,0
483;Bebidas (alco�licas e n�o alco�licas);Refrigerante, tipo lim�o;40;166;0,0;0,0;10,3;0,0
484;Ovos e derivados;Omelete, de queijo;268;1121;15,6;22,0;0,4;0,0
485;Ovos e derivados;Ovo, de codorna, inteiro, cru;177;740;13,7;12,7;0,8;0,0
486;Ovos e derivados;Ovo, de galinha, clara, cozida/10minutos;59;249;13,4;0,1;0,0;0,0
487;Ovos e derivados;Ovo, de galinha, gema, cozida/10minutos;353;1476;15,9;30,8;1,6;0,0
488;Ovos e derivados;Ovo, de galinha, inteiro, cozido/10minutos;146;610;13,3;9,5;0,6;0,0
489;Ovos e derivados;Ovo, de galinha, inteiro, cru;143;599;13,0;8,9;1,6;0,0
490;Ovos e derivados;Ovo, de galinha, inteiro, frito;240;1005;15,6;18,6;1,2;0,0
491;Produtos a�ucarados;Achocolatado, p�;401;1678;4,2;2,2;91,2;3,9
492;Produtos a�ucarados;A��car, cristal;387;1619;0,3;0,0;99,6;0,0
493;Produtos a�ucarados;A��car, mascavo;369;1542;0,8;0,1;94,5;0,0
494;Produtos a�ucarados;A��car, refinado;387;1617;0,3;0,0;99,5;0,0
495;Produtos a�ucarados;Chocolate, ao leite;540;2258;7,2;30,3;59,6;2,2
496;Produtos a�ucarados;Chocolate, ao leite, com castanha do Par�;559;2338;7,4;34,2;55,4;2,5
497;Produtos a�ucarados;Chocolate, ao leite, diet�tico;557;2330;6,9;33,8;56,3;2,8
498;Produtos a�ucarados;Chocolate, meio amargo;475;1987;4,9;29,9;62,4;4,9
499;Produtos a�ucarados;Cocada branca;449;1878;1,1;13,6;81,4;3,6
500;Produtos a�ucarados;Doce, de ab�bora, cremoso;199;832;0,9;0,2;54,6;2,3
501;Produtos a�ucarados;Doce, de leite, cremoso;306;1282;5,5;6,0;59,5;0,0
502;Produtos a�ucarados;Gel�ia, mocot�, natural;106;444;2,1;0,1;24,2;0,0
503;Produtos a�ucarados;Glicose de milho;292;1222;0,0;0,0;79,4;0,0
504;Produtos a�ucarados;Maria mole;301;1260;3,8;0,2;73,6;0,7
505;Produtos a�ucarados;Maria mole, coco queimado;307;1283;3,9;0,1;75,1;0,6
506;Produtos a�ucarados;Marmelada;257;1076;0,4;0,1;70,8;4,1
507;Produtos a�ucarados;Mel, de abelha;309;1294;0,0;0,0;84,0;0,0
508;Produtos a�ucarados;Melado;297;1241;0,0;0,0;76,6;0,0
509;Produtos a�ucarados;Quindim;411;1721;4,7;24,4;46,3;3,2
510;Produtos a�ucarados;Rapadura;352;1473;1,0;0,1;90,8;0,0
511;Miscel�neas;Caf�, p�, torrado;419;1752;14,7;11,9;65,8;51,2
512;Miscel�neas;Capuccino, p�;417;1746;11,3;8,6;73,6;2,4
513;Miscel�neas;Fermento em p�, qu�mico;90;375;0,5;0,1;43,9;0,0
514;Miscel�neas;Fermento, biol�gico, levedura, tablete;90;376;17,0;1,5;7,7;4,2
515;Miscel�neas;Gelatina, sabores variados, p�;380;1591;8,9;0,0;89,2;0,0
516;Miscel�neas;Sal, diet�tico;0;0;0,0;0,0;0,0;0,0
517;Miscel�neas;Sal, grosso;0;0;0,0;0,0;0,0;0,0
518;Miscel�neas;Shoyu;61;255;3,3;0,3;11,6;0,0
519;Miscel�neas;Tempero a base de sal;21;89;2,7;0,3;2,1;0,6
520;Outros alimentos industrializados;Azeitona, preta, conserva;194;812;1,2;20,3;5,5;4,6
521;Outros alimentos industrializados;Azeitona, verde, conserva;137;573;0,9;14,2;4,1;3,8
522;Outros alimentos industrializados;Chantilly, spray, com gordura vegetal;315;1318;0,5;27,3;16,9;0,0
523;Outros alimentos industrializados;Leite, de coco;166;695;1,0;18,4;2,2;0,7
524;Outros alimentos industrializados;Maionese, tradicional com ovos;302;1264;0,6;30,5;7,9;0,0
525;Alimentos preparados;Acaraj�;289;1210;8,3;19,9;19,1;9,4
526;Alimentos preparados;Arroz carreteiro;154;643;10,8;7,1;11,6;1,5
527;Alimentos preparados;Bai�o de dois, arroz e feij�o-de-corda;136;568;6,2;3,2;20,4;5,1
528;Alimentos preparados;Barreado;165;690;18,3;9,5;0,2;0,1
529;Alimentos preparados;Bife � cavalo, com contra fil�;291;1219;23,7;21,1;0,0;0,0
530;Alimentos preparados;Bolinho de arroz;274;1144;8,0;8,3;41,7;2,7
531;Alimentos preparados;Camar�o � baiana;101;422;7,9;6,0;3,2;0,4
532;Alimentos preparados;Charuto, de repolho;78;327;6,8;1,1;10,1;1,5
533;Alimentos preparados;Cuscuz, de milho, cozido com sal;113;475;2,2;0,7;25,3;2,1
534;Alimentos preparados;Cuscuz, paulista;142;595;2,6;4,6;22,5;2,4
535;Alimentos preparados;Cux�, molho;80;335;5,6;3,6;5,7;3,0
536;Alimentos preparados;Dobradinha;125;521;19,8;4,4;0,0;0,0
537;Alimentos preparados;Estrogonofe de carne;173;724;15,0;10,8;3,0;
538;Alimentos preparados;Estrogonofe de frango;157;656;17,6;8,0;2,6;
539;Alimentos preparados;Feij�o tropeiro mineiro;152;634;10,2;6,8;19,6;3,6
540;Alimentos preparados;Feijoada;117;489;8,7;6,5;11,6;5,1
541;Alimentos preparados;Frango, com a�afr�o;113;472;9,7;6,2;4,1;0,2
542;Alimentos preparados;Macarr�o, molho bolognesa;120;500;4,9;0,9;22,5;0,8
543;Alimentos preparados;Mani�oba;134;562;10,0;8,7;3,4;2,2
544;Alimentos preparados;Quibebe;86;361;8,6;2,7;6,6;1,7
545;Alimentos preparados;Salada, de legumes, com maionese;96;402;1,1;7,0;8,9;2,2
546;Alimentos preparados;Salada, de legumes, cozida no vapor;35;148;2,0;0,3;7,1;2,5
547;Alimentos preparados;Salpic�o, de frango;148;619;13,9;7,8;4,6;0,4
548;Alimentos preparados;Sarapatel;123;515;18,5;4,4;1,1;
549;Alimentos preparados;Tabule;57;240;2,0;1,2;10,6;2,1
550;Alimentos preparados;Tacac�;47;196;7,0;0,4;3,4;0,2
551;Alimentos preparados;Tapioca, com manteiga;348;1455;0,1;10,9;63,6;0,0
552;Alimentos preparados;Tucupi, com pimenta-de-cheiro;27;114;2,1;0,3;4,7;0,2
553;Alimentos preparados;Vaca atolada;145;606;5,1;9,3;10,1;2,3
554;Alimentos preparados;Vatap�;255;1066;6,0;23,2;9,7;1,7
555;Alimentos preparados;Virado � paulista;307;1284;10,2;25,6;14,1;2,2
556;Alimentos preparados;Yakisoba;113;472;7,5;2,6;18,3;1,1
557;Leguminosas e derivados;Amendoim, gr�o, cru;544;2276;27,2;43,9;20,3;8,0
558;Leguminosas e derivados;Amendoim, torrado, salgado;606;2535;22,5;54,0;18,7;7,8
559;Leguminosas e derivados;Ervilha, em vagem;88;367;7,5;0,5;14,2;9,7
560;Leguminosas e derivados;Ervilha, enlatada, drenada;74;309;4,6;0,4;13,4;5,1
561;Leguminosas e derivados;Feij�o, carioca, cozido;76;320;4,8;0,5;13,6;8,5
562;Leguminosas e derivados;Feij�o, carioca, cru;329;1377;20,0;1,3;61,2;18,4
563;Leguminosas e derivados;Feij�o, fradinho, cozido;78;326;5,1;0,6;13,5;7,5
564;Leguminosas e derivados;Feij�o, fradinho, cru;339;1419;20,2;2,4;61,2;23,6
565;Leguminosas e derivados;Feij�o, jalo, cozido;93;388;6,1;0,5;16,5;13,9
566;Leguminosas e derivados;Feij�o, jalo, cru;328;1372;20,1;0,9;61,5;30,3
567;Leguminosas e derivados;Feij�o, preto, cozido;77;322;4,5;0,5;14,0;8,4
568;Leguminosas e derivados;Feij�o, preto, cru;324;1354;21,3;1,2;58,8;21,8
569;Leguminosas e derivados;Feij�o, rajado, cozido;85;354;5,5;0,4;15,3;9,3
570;Leguminosas e derivados;Feij�o, rajado, cru;326;1363;17,3;1,2;62,9;24,0
571;Leguminosas e derivados;Feij�o, rosinha, cozido;68;284;4,5;0,5;11,8;4,8
572;Leguminosas e derivados;Feij�o, rosinha, cru;337;1410;20,9;1,3;62,2;20,6
573;Leguminosas e derivados;Feij�o, roxo, cozido;77;322;5,7;0,5;12,9;11,5
574;Leguminosas e derivados;Feij�o, roxo, cru;331;1387;22,2;1,2;60,0;33,8
575;Leguminosas e derivados;Gr�o-de-bico, cru;355;1484;21,2;5,4;57,9;12,4
576;Leguminosas e derivados;Guandu, cru;344;1440;19,0;2,1;64,0;21,3
577;Leguminosas e derivados;Lentilha, cozida;93;388;6,3;0,5;16,3;7,9
578;Leguminosas e derivados;Lentilha, crua;339;1419;23,2;0,8;62,0;16,9
579;Leguminosas e derivados;Pa�oca, amendoim;487;2037;16,0;26,1;52,4;7,3
580;Leguminosas e derivados;P�-de-moleque, amendoim;503;2105;13,2;28,0;54,7;3,4
581;Leguminosas e derivados;Soja, farinha;404;1690;36,0;14,6;38,4;20,2
582;Leguminosas e derivados;Soja, extrato sol�vel, natural, fluido;39;164;2,4;1,6;4,3;0,4
583;Leguminosas e derivados;Soja, extrato sol�vel, p�;459;1920;35,7;26,2;28,5;7,3
584;Leguminosas e derivados;Soja, queijo (tofu);64;270;6,6;4,0;2,1;0,8
585;Leguminosas e derivados;Tremo�o, cru;381;1595;33,6;10,3;43,8;32,3
586;Leguminosas e derivados;Tremo�o, em conserva;121;505;11,1;3,8;12,4;14,4
587;Nozes e sementes;Am�ndoa, torrada, salgada;581;2430;18,6;47,3;29,5;11,6
588;Nozes e sementes;Castanha-de-caju, torrada, salgada;570;2386;18,5;46,3;29,1;3,7
589;Nozes e sementes;Castanha-do-Brasil, crua;643;2690;14,5;63,5;15,1;7,9
590;Nozes e sementes;Coco, cru;406;1701;3,7;42,0;10,4;5,4
591;Nozes e sementes;Coco,  verde, cru;406;1701;3,7;42,0;10,4;5,4
592;Nozes e sementes;Farinha, de mesocarpo de baba�u, crua;329;1376;1,4;0,2;79,2;17,9
593;Nozes e sementes;Gergelim, semente;584;2442;21,2;50,4;21,6;11,9
594;Nozes e sementes;Linha�a, semente;495;2072;14,1;32,3;43,3;33,5
595;Nozes e sementes;Pinh�o, cozido;174;730;3,0;0,7;43,9;15,6
596;Nozes e sementes;Pupunha, cozida;219;914;2,5;12,8;29,6;4,3
597;Nozes e sementes;Noz, crua;620;2594;14,0;59,4;18,4;7,2
